Workbook

Sheet Dashboard
A1: AUTOMOTIVE SALES PERFORMANCE DASHBOARD
A4: TOTAL ILLUSTRATIVE SALES | D4: TOTAL UNITS SOLD | G4: AVG. SALES PER UNIT | J4: CATEGORIES TRACKED
A5: =SUM('Sales Data'!E2:E49) -> 2502.85 | D5: =SUM('Sales Data'!C2:C49) -> 580 | G5: =SUM('Sales Data'!E2:E49)/SUM('Sales Data'!C2:C49) -> 4.3152586 | J5: =COUNTA(A10:A13) -> 4
A9: CATEGORY SUMMARY
A10: Category | B10: Units Sold | C10: Sales (₹ lakh)
A11: Passenger Cars | B11: =SUMIF('Sales Data'!$B$2:$B$49,A11,'Sales Data'!$C$2:$C$49) -> 147 | C11: =SUMIF('Sales Data'!$B$2:$B$49,A11,'Sales Data'!$E$2:$E$49) -> 1396.5
A12: Two-Wheelers | B12: =SUMIF('Sales Data'!$B$2:$B$49,A12,'Sales Data'!$C$2:$C$49) -> 307 | C12: =SUMIF('Sales Data'!$B$2:$B$49,A12,'Sales Data'!$E$2:$E$49) -> 291.65
A13: Electric Vehicles | B13: =SUMIF('Sales Data'!$B$2:$B$49,A13,'Sales Data'!$C$2:$C$49) -> 82 | C13: =SUMIF('Sales Data'!$B$2:$B$49,A13,'Sales Data'!$E$2:$E$49) -> 110.7
A14: Commercial Vehicles | B14: =SUMIF('Sales Data'!$B$2:$B$49,A14,'Sales Data'!$C$2:$C$49) -> 44 | C14: =SUMIF('Sales Data'!$B$2:$B$49,A14,'Sales Data'!$E$2:$E$49) -> 704
A15: Monthly trend
A16: Month | B16: Sales (₹ lakh)
A17: Jan | B17: =SUMIF('Sales Data'!$A$2:$A$49,A17,'Sales Data'!$E$2:$E$49) -> 129.15
A18: Feb | B18: =SUMIF('Sales Data'!$A$2:$A$49,A18,'Sales Data'!$E$2:$E$49) -> 141.9
A19: Mar | B19: =SUMIF('Sales Data'!$A$2:$A$49,A19,'Sales Data'!$E$2:$E$49) -> 169.3
A20: Apr | B20: =SUMIF('Sales Data'!$A$2:$A$49,A20,'Sales Data'!$E$2:$E$49) -> 182.05
A21: May | B21: =SUMIF('Sales Data'!$A$2:$A$49,A21,'Sales Data'!$E$2:$E$49) -> 193.85
A22: Jun | B22: =SUMIF('Sales Data'!$A$2:$A$49,A22,'Sales Data'!$E$2:$E$49) -> 188.95
A23: Jul | B23: =SUMIF('Sales Data'!$A$2:$A$49,A23,'Sales Data'!$E$2:$E$49) -> 205.65
A24: Aug | B24: =SUMIF('Sales Data'!$A$2:$A$49,A24,'Sales Data'!$E$2:$E$49) -> 214.45
A25: Sep | B25: =SUMIF('Sales Data'!$A$2:$A$49,A25,'Sales Data'!$E$2:$E$49) -> 234.4
A26: Oct | B26: =SUMIF('Sales Data'!$A$2:$A$49,A26,'Sales Data'!$E$2:$E$49) -> 263.15
A27: Nov | B27: =SUMIF('Sales Data'!$A$2:$A$49,A27,'Sales Data'!$E$2:$E$49) -> 274.95
A28: Dec | B28: =SUMIF('Sales Data'!$A$2:$A$49,A28,'Sales Data'!$E$2:$E$49) -> 305.05
A30: SAMPLE INSIGHTS (based on illustrative data)
A31: 1. Passenger cars contribute the largest sales value in this sample because the assumed average selling price is higher.
A32: 2. Two-wheelers have the highest unit volume in this sample.
A33: 3. Sales rise toward the end of the year in this constructed dataset; this is not evidence of a real seasonal trend.
A34: 4. A real dashboard should use verified sales transactions and consistent definitions before drawing business conclusions.

Sheet Sales Data
A1: Month | B1: Category | C1: Units Sold | D1: Illustrative Avg Price (₹ lakh) | E1: Illustrative Sales (₹ lakh)
A2: Jan | B2: Passenger Cars | C2: 8 | D2: 9.5 | E2: 76
A3: Jan | B3: Two-Wheelers | C3: 18 | D3: 0.95 | E3: 17.1
A4: Jan | B4: Electric Vehicles | C4: 3 | D4: 1.35 | E4: 4.05
A5: Jan | B5: Commercial Vehicles | C5: 2 | D5: 16 | E5: 32
A6: Feb | B6: Passenger Cars | C6: 9 | D6: 9.5 | E6: 85.5
A7: Feb | B7: Two-Wheelers | C7: 20 | D7: 0.95 | E7: 19
A8: Feb | B8: Electric Vehicles | C8: 4 | D8: 1.35 | E8: 5.4
A9: Feb | B9: Commercial Vehicles | C9: 2 | D9: 16 | E9: 32
A10: Mar | B10: Passenger Cars | C10: 10 | D10: 9.5 | E10: 95
A11: Mar | B11: Two-Wheelers | C11: 22 | D11: 0.95 | E11: 20.9
A12: Mar | B12: Electric Vehicles | C12: 4 | D12: 1.35 | E12: 5.4
A13: Mar | B13: Commercial Vehicles | C13: 3 | D13: 16 | E13: 48
... A49: Dec | B49: Commercial Vehicles | C49: 6 | D49: 16 | E49: 96

Sheet Notes & Assumptions
A1: PROJECT NOTES & ASSUMPTIONS
A3: Project type | B3: Independent practice dashboard for a Management Trainee portfolio.
A4: Data status | B4: All records are constructed illustrative sample data, not actual RAAM Group data.
A5: Period | B5: Jan–Dec, illustrative one-year period; no specific calendar year claimed.
A6: Categories | B6: Passenger Cars, Two-Wheelers, Electric Vehicles, Commercial Vehicles.
A7: Sales formula | B7: Units Sold × assumed average price per unit.
A8: Price assumptions | B8: Illustrative averages in ₹ lakh: cars 9.5; two-wheelers 0.95; EVs 1.35; commercial vehicles 16.0.
A9: Important limitation | B9: Categories are simplified and may overlap (for example, electric vehicles may include two-wheelers). Use a consistent taxonomy in real business reporting.
A10: How to improve | B10: Replace the sample records with authorized real data, add target vs actual sales, region/outlet filters, leads, conversion, margin, and service KPIs where available.
A11: Interview framing | B11: Describe this as a self-initiated dashboard prototype using sample data, not a project commissioned by RAAM Group.
